Filenames,Depths,White percents
images/MASK_SK658 Llobe ch010039.jpg,15,0.5161285400390625
images/MASK_SK658 Llobe ch010021.jpg,30,0.5698204040527344
images/MASK_SK658 Llobe ch010017.jpg,45,0.6571054458618164
images/MASK_SK658 Llobe ch010036.jpg,55,0.707554817199707
images/MASK_SK658 Llobe ch010019.jpg,60,0.7469892501831055
images/MASK_SK658 Llobe ch010022.jpg,80,0.7903814315795898
